
INSERT INTO [dbo].[users]
           ([user_id]
           ,[partner_id]
           ,[email_address]
           ,[ean_e]
           ,[ean_g]
           ,[pc6])
  VALUES ('1479722415384x782654535025358200', '10028923', 'kruijsdijk@gmail.com', '871685900000059574', '871685900000059575','1051KG'),
    ('1479722415384x782654535025358201', '10028922', 'stijn.tonk@gmail.com', '871685900000059578', '871685900000059579','3541HK'),
    (NULL, '10028921', 'thomas.schijf@gmail.com', '871685900000059576', '871685900000059577','9999ZZ'),
    (NULL, '10028924', 'a.b@gmail.com', '871685900000059590', '871685900000059591','3541XX'),
    ('1484755451746x533561931923031800','10036783','olivierbrouw@hotmail.com','871685900000059576','871685900000059577','6653KA');

INSERT INTO [dbo].[devices]
           ([user_id]
           ,[device_id])
  VALUES ('1479722415384x782654535025358200', 'a7afd2f8-6f95-47ae-b004-f73a1d6fdc68'), 
          ('1479722415384x782654535025358201', 'a7afd2f8-6f95-47ae-b004-f73a1d6fdc69'),
          ('1484755451746x533561931923031800', 'dd413804-54e2-4e3a-8c69-eb082b2f6b47');


INSERT INTO [dbo].[ly_orders]
           ([partner]
           ,[orderdate]
           ,[amount_points]
           ,[product]
           ,[items_amount]
           ,[points_balance])
     VALUES
  ('10028921','2016-06-25',600,'Schuurmachine',1,600),
  ('10028921','2016-11-24',785,'Black&Deckeraccu-schroefboormachine',1,165),
  ('10028921','2016-11-24',10,'Boek',1,155),
  ('10028922','2016-11-25',600,'Schuurmachine',1,75);

INSERT INTO [dbo].[ly_suggestions]
           ([partner]
           ,[status]
           ,[points_balance]
           ,[product_recommendation]
           ,[points_product_recommendation]
           ,[created])
  VALUES
  ('10028921','Platina',390,'Pathé Film E-Voucher',165,'2016-12-01'),
  ('10028922','Platina',1025,'Rituals middelgroot cadeaupakket',550,'2016-12-01'),
  ('10028923','Platina',1000,'Rituals middelgroot cadeaupakket',550,'2016-12-01'),
  ('10012852','Platina',370,'Pathé Film E-Voucher',165,'2016-12-01'),
  ('10023847','Platina',1000,'Rituals middelgroot cadeaupakket',550,'2016-12-01'),
  ('10024430','Platina',350,'Pathé Film E-Voucher',165,'2016-12-01');


INSERT INTO [dbo].[alert_rules]
           ([user_id]
           ,[alert_id]
           ,[max_threshold]
           ,[min_threshold]
           ,[validity_days]
           ,[activated])  
  VALUES
  ('1479722415384x782654535025358200','monthly_usage_g',10,Null,30,1),
  ('1479722415384x782654535025358200','monthly_usage_e',11,Null,30,1),
  ('1479722415384x782654535025358201','monthly_usage_g',10,Null,30,1),
  ('1479722415384x782654535025358201','monthly_usage_e',11,Null,30,1),
  ('1479722415384x782654535025358200','loyalty_orders',NULL,Null,7,1),
  ('1479722415384x782654535025358201','loyalty_orders',NULL,Null,7,1),
  ('1479722415384x782654535025358200','loyalty_suggestion',NULL,Null,30,1),
  ('1479722415384x782654535025358201','loyalty_suggestion',NULL,Null,30,1),
  ('1484755451746x533561931923031800','network_failure_detection',Null,Null,9999,1);

INSERT INTO [dbo].[smc_monthly_usage]
           ([ean]
           ,[contractrek]
           ,[month_usage]
           ,[usage_month]
           ,[exp_usage]
           ,[annualbill_date]
           ,[usage_tot]
           ,[exp_usage_tot]
           ,[act_year]
           ,[diff_tot])
     VALUES 
('871685900000059576','3012218480',350,'2015-01-01',394,'2016-04-28',350,394,'0',-44),
('871685900000059576','3012218480',316,'2015-02-01',340,'2016-04-28',666,734,'0',-68),
('871685900000059576','3012218480',383,'2015-03-01',353,'2016-04-28',1049,1087,'0',-38),
('871685900000059576','3012218480',370,'2015-04-01',311,'2016-04-28',1419,1398,'0',21),
('871685900000059576','3012218480',346,'2015-05-01',302,'2016-04-28',1765,1699,'0',66),
('871685900000059576','3012218480',335,'2015-06-01',284,'2016-04-28',2100,1983,'0',117),
('871685900000059576','3012218480',272,'2015-07-01',293,'2016-04-28',2372,2276,'0',96),
('871685900000059576','3012218480',272,'2015-08-01',283,'2016-04-28',2643,2559,'0',84),
('871685900000059576','3012218480',364,'2015-09-01',300,'2016-04-28',3007,2859,'0',149),
('871685900000059576','3012218480',377,'2015-10-01',339,'2016-04-28',3384,3198,'0',186),
('871685900000059576','3012218480',402,'2015-11-01',359,'2016-04-28',3786,3557,'0',229),
('871685900000059576','3012218480',402,'2015-12-01',395,'2016-04-28',4187,3952,'0',235),
('871685900000059576','3012218480',398,'2016-01-01',394,'2016-04-28',4585,4346,'0',239),
('871685900000059576','3012218480',373,'2016-02-01',340,'2016-04-28',4958,4686,'0',272),
('871685900000059576','3012218480',384,'2016-03-01',353,'2016-04-28',5342,5039,'0',303),
('871685900000059576','3012218480',372,'2016-04-01',311,'2016-04-28',372,311,'1',61),
('871685900000059576','3012218480',330,'2016-05-01',302,'2016-04-28',702,613,'1',90),
('871685900000059576','3012218480',320,'2016-06-01',284,'2016-04-28',1022,896,'1',125),
('871685900000059576','3012218480',271,'2016-07-01',293,'2016-04-28',1293,1189,'1',104),
('871685900000059576','3012218480',312,'2016-08-01',283,'2016-04-28',1605,1472,'1',133),
('871685900000059576','3012218480',371,'2016-09-01',300,'2016-04-28',1976,1772,'1',204),
('871685900000059576','3012218480',417,'2016-10-01',339,'2016-04-28',2393,2111,'1',282),
('871685900000059576','3012218480',359,'2016-11-01',279,'2016-04-28',2672,2470,'1',202),
('871685900000059577','3012218480',350,'2015-01-01',394,'2016-04-28',350,394,'0',-44),
('871685900000059577','3012218480',316,'2015-02-01',340,'2016-04-28',666,734,'0',-68),
('871685900000059577','3012218480',383,'2015-03-01',353,'2016-04-28',1049,1087,'0',-38),
('871685900000059577','3012218480',370,'2015-04-01',311,'2016-04-28',1419,1398,'0',21),
('871685900000059577','3012218480',346,'2015-05-01',302,'2016-04-28',1765,1699,'0',66),
('871685900000059577','3012218480',335,'2015-06-01',284,'2016-04-28',2100,1983,'0',117),
('871685900000059577','3012218480',272,'2015-07-01',293,'2016-04-28',2372,2276,'0',96),
('871685900000059577','3012218480',272,'2015-08-01',283,'2016-04-28',2643,2559,'0',84),
('871685900000059577','3012218480',364,'2015-09-01',300,'2016-04-28',3007,2859,'0',149),
('871685900000059577','3012218480',377,'2015-10-01',339,'2016-04-28',3384,3198,'0',186),
('871685900000059577','3012218480',402,'2015-11-01',359,'2016-04-28',3786,3557,'0',229),
('871685900000059577','3012218480',402,'2015-12-01',395,'2016-04-28',4187,3952,'0',235),
('871685900000059577','3012218480',398,'2016-01-01',394,'2016-04-28',4585,4346,'0',239),
('871685900000059577','3012218480',373,'2016-02-01',340,'2016-04-28',4958,4686,'0',272),
('871685900000059577','3012218480',384,'2016-03-01',353,'2016-04-28',5342,5039,'0',303),
('871685900000059577','3012218480',372,'2016-04-01',311,'2016-04-28',372,311,'1',61),
('871685900000059577','3012218480',330,'2016-05-01',302,'2016-04-28',702,613,'1',90),
('871685900000059577','3012218480',320,'2016-06-01',284,'2016-04-28',1022,896,'1',125),
('871685900000059577','3012218480',271,'2016-07-01',293,'2016-04-28',1293,1189,'1',104),
('871685900000059577','3012218480',312,'2016-08-01',283,'2016-04-28',1605,1472,'1',133),
('871685900000059577','3012218480',371,'2016-09-01',300,'2016-04-28',1976,1772,'1',204),
('871685900000059577','3012218480',417,'2016-10-01',339,'2016-04-28',2393,2111,'1',282),
('871685900000059577','3012218480',459,'2016-11-01',379,'2016-04-28',2672,2470,'1',202),
('871685900000059579','3012218480',312,'2016-08-01',283,'2016-04-28',1605,1472,'1',133),
('871685900000059579','3012218480',371,'2016-09-01',300,'2016-04-28',1976,1772,'1',204),
('871685900000059579','3012218480',500,'2016-10-01',339,'2016-04-28',2393,2111,'1',282),
('871685900000059579','3012218480',700,'2016-11-01',379,'2016-04-28',2672,2470,'1',202)
;


 INSERT INTO notifications (device_id, alert_id, alert_dt, message, bubble_view, url, storing_nummer, pushed_at, created) 
  VALUES 
  ('a7afd2f8-6f95-47ae-b004-f73a1d6fdc68', 'monthly_usage_e', '2016-09-01', 'U heeft de afgelopen maand 34 percent meer stroom gebruikt dan verwacht.', 
    'verbruik', NULL, NULL,'2016-10-03 13:01:34', '2016-10-03 10:01:34'),
  ('a7afd2f8-6f95-47ae-b004-f73a1d6fdc68', 'monthly_usage_e', '2016-10-01', 'U heeft de afgelopen maand 22 percent meer stroom gebruikt dan verwacht.', 
    'verbruik', NULL, NULL, '2016-11-03 13:01:34', '2016-10-03 10:01:33'),
  ('a7afd2f8-6f95-47ae-b004-f73a1d6fdc68', 'monthly_usage_g', '2016-11-01', 'U heeft de afgelopen maand 23 percent meer gas gebruikt dan verwacht.', 
    'verbruik', NULL, NULL, NULL, '2016-11-01 10:01:32'),
  ('a7afd2f8-6f95-47ae-b004-f73a1d6fdc69', 'monthly_usage_g', '2016-11-01', 'U heeft de afgelopen maand 11 percent meer gas gebruikt dan verwacht.', 
    'verbruik', NULL, NULL, NULL, '2016-11-01 10:01:34'),
  ('a7afd2f8-6f95-47ae-b004-f73a1d6fdc68', 'loyalty_orders', '2016-12-01', 'Op 02-12-2015 heeft u 2 items besteld bij Nuon Exclusief! Uw saldo is op dit moment 23 punten.', 
    'exclusief', NULL, NULL, NULL, '2016-12-03 10:01:34'),
  ('a7afd2f8-6f95-47ae-b004-f73a1d6fdc68', 'loyalty_suggestion', '2016-10-01', 'U heeft op dit moment 125 punten. Bestel nu snel een Rituals middelgroot cadeaupakket bij Nuon Exclusief!', 
    NULL, 'https://www.nuonexclusief.nl/',NULL, NULL, '2016-10-03 10:01:34'),
  ('a7afd2f8-6f95-47ae-b004-f73a1d6fdc68', 'loyalty_suggestion', '2016-11-10', 'U heeft op dit moment 105 punten. Bestel nu snel een Rituals middelgroot cadeaupakket bij Nuon Exclusief!', 
    NULL, 'https://www.nuonexclusief.nl/',NULL, NULL, '2016-12-10 10:01:34')
;

INSERT INTO [dbo].[network_failure]
           ([pc6]
           ,[netbeheerder]
           ,[storing_nummer]
           ,[storing_oorzaak]
           ,[straat]
           ,[storing_energiesoort]
           ,[storing_service_update]
           ,[storing_datum_eind]
           ,[storing_datum_gemeld]
           ,[storing_status]
           ,[storing_type])
     VALUES
			(
			'1051KG',
			'Liander',
			'4393053',
			'spontane storing',
			'Visseringstraat',
			'Elektriciteit',
      '2016-12-07 15:00:33',
			NULL,
			'2016-12-07 15:00:33',
			'gemeld',
			'storing'),
      (
      '1051KG',
      'Liander',
      '4393052',
      'spontane storing',
      'Visseringstraat',
      'Elektriciteit',
      '2016-12-02 20:00:33',
      '2016-12-02 20:00:33',
      '2016-12-01 15:00:33',
      'verholpen',
      'storing'),
      (
      '1051KG',
      'Liander',
      '4393052',
      'spontane storing',
      'Visseringstraat',
      'Elektriciteit',
      '2016-12-01 15:00:33',
      NULL,
      '2016-12-01 15:00:33',
      'verholpen',
      'storing'),
      (
      '1051KG',
      'Liander',
      '4393051',
      'onspontane storing',
      'Visseringstraat',
      'Gas',
      '2016-11-02 20:00:33',
      '2016-11-02 20:00:33',
      '2016-11-01 15:00:33',
      'verholpen',
      'storing'),
      (
      '1051KG',
      'Liander',
      '4393051',
      'onspontane storing',
      'Visseringstraat',
      'Gas',
      '2016-11-02 15:00:33',
      NULL,
      '2016-11-01 15:00:33',
      'verholpen',
      'storing');

INSERT INTO [dbo].[sm_consumption]
([PARTNER],      [CONTRACTREK],            [EAN_CODE],    [PRODUCT_GROEP],     [PROFILE_TYPE],             [VERBR_DATUM],                [VERBR_UUR], [VERBRUIK])
values 

('10028921',	'3012464607',	'871685900000059576',	'E',	'LEVERING',	'20161130',	'1',	'0.85'),
('10028921',	'3012464607',	'871685900000059576',	'E',	'LEVERING',	'20161130',	'2',	'0.218'),
('10028921',	'3012464607',	'871685900000059576',	'E',	'LEVERING',	'20161130',	'3',	'0.86'),
('10028921',	'3012464607',	'871685900000059576',	'E',	'LEVERING',	'20161130',	'4',	'0.83'),
('10028921',	'3012464607',	'871685900000059576',	'E',	'LEVERING',	'20161130',	'5',	'1.02'),
('10028921',	'3012464607',	'871685900000059576',	'E',	'LEVERING',	'20161130',	'6',	'0.8'),
('10028921',	'3012464607',	'871685900000059576',	'E',	'LEVERING',	'20161130',	'7',	'0.98'),
('10028921',	'3012464607',	'871685900000059576',	'E',	'LEVERING',	'20161130',	'8',	'0.22'),
('10028921',	'3012464607',	'871685900000059576',	'E',	'LEVERING',	'20161130',	'9',	'0.41'),
('10028921',	'3012464607',	'871685900000059576',	'E',	'LEVERING',	'20161130',	'10',	'0.291'),
('10028921',	'3012464607',	'871685900000059576',	'E',	'LEVERING',	'20161130',	'11',	'0.26'),
('10028921',	'3012464607',	'871685900000059576',	'E',	'LEVERING',	'20161130',	'12',	'0.83'),
('10028921',	'3012464607',	'871685900000059576',	'E',	'LEVERING',	'20161130',	'13',	'0.82'),
('10028921',	'3012464607',	'871685900000059576',	'E',	'LEVERING',	'20161130',	'14',	'0.69'),
('10028921',	'3012464607',	'871685900000059576',	'E',	'LEVERING',	'20161130',	'15',	'0.71'),
('10028921',	'3012464607',	'871685900000059576',	'E',	'LEVERING',	'20161130',	'16',	'0.69'),
('10028921',	'3012464607',	'871685900000059576',	'E',	'LEVERING',	'20161130',	'17',	'0.209'),
('10028921',	'3012464607',	'871685900000059576',	'E',	'LEVERING',	'20161130',	'18',	'0.253'),
('10028921',	'3012464607',	'871685900000059576',	'E',	'LEVERING',	'20161130',	'19',	'0.38'),
('10028921',	'3012464607',	'871685900000059576',	'E',	'LEVERING',	'20161130',	'20',	'0.241'),
('10028921',	'3012464607',	'871685900000059576',	'E',	'LEVERING',	'20161130',	'21',	'0.228'),
('10028921',	'3012464607',	'871685900000059576',	'E',	'LEVERING',	'20161130',	'22',	'0.219'),
('10028921',	'3012464607',	'871685900000059576',	'E',	'LEVERING',	'20161130',	'23',	'0.205'),
('10028921',	'3012464607',	'871685900000059576',	'E',	'LEVERING',	'20161201',	'0',	'0.204'),
('10028921',	'3012464607',	'871685900000059576',	'E',	'LEVERING',	'20161201',	'1',	'0.1180'),
('10028921',	'3012464607',	'871685900000059576',	'E',	'LEVERING',	'20161201',	'2',	'0.760'),
('10028921',	'3012464607',	'871685900000059576',	'E',	'LEVERING',	'20161201',	'3',	'0.730'),
('10028921',	'3012464607',	'871685900000059576',	'E',	'LEVERING',	'20161201',	'4',	'0.920'),
('10028921',	'3012464607',	'871685900000059576',	'E',	'LEVERING',	'20161201',	'5',	'0.70'),
('10028921',	'3012464607',	'871685900000059576',	'E',	'LEVERING',	'20161201',	'6',	'0.880'),
('10028921',	'3012464607',	'871685900000059576',	'E',	'LEVERING',	'20161201',	'7',	'0.120'),
('10028921',	'3012464607',	'871685900000059576',	'E',	'LEVERING',	'20161201',	'8',	'0.310'),
('10028921',	'3012464607',	'871685900000059576',	'E',	'LEVERING',	'20161201',	'9',	'0.1910'),
('10028921',	'3012464607',	'871685900000059576',	'E',	'LEVERING',	'20161201',	'10',	'0.160'),
('10028921',	'3012464607',	'871685900000059576',	'E',	'LEVERING',	'20161201',	'11',	'0.730'),
('10028921',	'3012464607',	'871685900000059576',	'E',	'LEVERING',	'20161201',	'12',	'0.720'),
('10028921',	'3012464607',	'871685900000059576',	'E',	'LEVERING',	'20161201',	'13',	'0.590'),
('10028921',	'3012464607',	'871685900000059576',	'E',	'LEVERING',	'20161201',	'14',	'0.610'),
('10028921',	'3012464607',	'871685900000059576',	'E',	'LEVERING',	'20161201',	'15',	'0.590'),
('10028921',	'3012464607',	'871685900000059576',	'E',	'LEVERING',	'20161201',	'16',	'0.1090'),
('10028921',	'3012464607',	'871685900000059576',	'E',	'LEVERING',	'20161201',	'17',	'0.1530'),
('10028921',	'3012464607',	'871685900000059576',	'E',	'LEVERING',	'20161201',	'18',	'0.280'),
('10028921',	'3012464607',	'871685900000059576',	'E',	'LEVERING',	'20161201',	'19',	'0.1410'),
('10028921',	'3012464607',	'871685900000059576',	'E',	'LEVERING',	'20161201',	'20',	'0.1280'),
('10028921',	'3012464607',	'871685900000059576',	'E',	'LEVERING',	'20161201',	'21',	'0.1190'),
('10028921',	'3012464607',	'871685900000059576',	'E',	'LEVERING',	'20161201',	'22',	'0.1050'),
('10028921',	'3012464607',	'871685900000059576',	'E',	'LEVERING',	'20161201',	'23',	'0.1040'),
('10028921',	'3012464607',	'871685900000059576',	'E',	'LEVERING',	'20161202',	'0',	'0.357'),
('10028922',	'3012339198',	'871685900000059578',	'E',	'LEVERING',	'20161130',	'1',	'0.425'),
('10028922',	'3012339198',	'871685900000059578',	'E',	'LEVERING',	'20161130',	'2',	'0.468'),
('10028922',	'3012339198',	'871685900000059578',	'E',	'LEVERING',	'20161130',	'3',	'0.404'),
('10028922',	'3012339198',	'871685900000059578',	'E',	'LEVERING',	'20161130',	'4',	'0.459'),
('10028922',	'3012339198',	'871685900000059578',	'E',	'LEVERING',	'20161130',	'5',	'0.383'),
('10028922',	'3012339198',	'871685900000059578',	'E',	'LEVERING',	'20161130',	'6',	'0.385'),
('10028922',	'3012339198',	'871685900000059578',	'E',	'LEVERING',	'20161130',	'7',	'0.608'),
('10028922',	'3012339198',	'871685900000059578',	'E',	'LEVERING',	'20161130',	'8',	'0.58'),
('10028922',	'3012339198',	'871685900000059578',	'E',	'LEVERING',	'20161130',	'9',	'0.351'),
('10028922',	'3012339198',	'871685900000059578',	'E',	'LEVERING',	'20161130',	'10',	'0.308'),
('10028922',	'3012339198',	'871685900000059578',	'E',	'LEVERING',	'20161130',	'11',	'0.332'),
('10028922',	'3012339198',	'871685900000059578',	'E',	'LEVERING',	'20161130',	'12',	'0.433'),
('10028922',	'3012339198',	'871685900000059578',	'E',	'LEVERING',	'20161130',	'13',	'1401'),
('10028922',	'3012339198',	'871685900000059578',	'E',	'LEVERING',	'20161130',	'14',	'0.677'),
('10028922',	'3012339198',	'871685900000059578',	'E',	'LEVERING',	'20161130',	'15',	'0.72'),
('10028922',	'3012339198',	'871685900000059578',	'E',	'LEVERING',	'20161130',	'16',	'0.842'),
('10028922',	'3012339198',	'871685900000059578',	'E',	'LEVERING',	'20161130',	'17',	'0.8'),
('10028922',	'3012339198',	'871685900000059578',	'E',	'LEVERING',	'20161130',	'18',	'0.722'),
('10028922',	'3012339198',	'871685900000059578',	'E',	'LEVERING',	'20161130',	'19',	'0.633'),
('10028922',	'3012339198',	'871685900000059578',	'E',	'LEVERING',	'20161130',	'20',	'0.756'),
('10028922',	'3012339198',	'871685900000059578',	'E',	'LEVERING',	'20161130',	'21',	'0.644'),
('10028922',	'3012339198',	'871685900000059578',	'E',	'LEVERING',	'20161130',	'22',	'0.938'),
('10028922',	'3012339198',	'871685900000059578',	'E',	'LEVERING',	'20161130',	'23',	'0.597'),
('10028922',	'3012339198',	'871685900000059578',	'E',	'LEVERING',	'20161201',	'0',	'0.2570'),
('10028922',	'3012339198',	'871685900000059578',	'E',	'LEVERING',	'20161201',	'1',	'0.3250'),
('10028922',	'3012339198',	'871685900000059578',	'E',	'LEVERING',	'20161201',	'2',	'0.3680'),
('10028922',	'3012339198',	'871685900000059578',	'E',	'LEVERING',	'20161201',	'3',	'0.3040'),
('10028922',	'3012339198',	'871685900000059578',	'E',	'LEVERING',	'20161201',	'4',	'0.3590'),
('10028922',	'3012339198',	'871685900000059578',	'E',	'LEVERING',	'20161201',	'5',	'0.2830'),
('10028922',	'3012339198',	'871685900000059578',	'E',	'LEVERING',	'20161201',	'6',	'0.2850'),
('10028922',	'3012339198',	'871685900000059578',	'E',	'LEVERING',	'20161201',	'7',	'0.5080'),
('10028922',	'3012339198',	'871685900000059578',	'E',	'LEVERING',	'20161201',	'8',	'0.480'),
('10028922',	'3012339198',	'871685900000059578',	'E',	'LEVERING',	'20161201',	'9',	'0.2510'),
('10028922',	'3012339198',	'871685900000059578',	'E',	'LEVERING',	'20161201',	'10',	'0.2080'),
('10028922',	'3012339198',	'871685900000059578',	'E',	'LEVERING',	'20161201',	'11',	'0.2320'),
('10028922',	'3012339198',	'871685900000059578',	'E',	'LEVERING',	'20161201',	'12',	'0.3330'),
('10028922',	'3012339198',	'871685900000059578',	'E',	'LEVERING',	'20161201',	'13',	'13010'),
('10028922',	'3012339198',	'871685900000059578',	'E',	'LEVERING',	'20161201',	'14',	'0.5770'),
('10028922',	'3012339198',	'871685900000059578',	'E',	'LEVERING',	'20161201',	'15',	'0.620'),
('10028922',	'3012339198',	'871685900000059578',	'E',	'LEVERING',	'20161201',	'16',	'0.7420'),
('10028922',	'3012339198',	'871685900000059578',	'E',	'LEVERING',	'20161201',	'17',	'0.70'),
('10028922',	'3012339198',	'871685900000059578',	'E',	'LEVERING',	'20161201',	'18',	'0.6220'),
('10028922',	'3012339198',	'871685900000059578',	'E',	'LEVERING',	'20161201',	'19',	'0.5330'),
('10028922',	'3012339198',	'871685900000059578',	'E',	'LEVERING',	'20161201',	'20',	'0.6560'),
('10028922',	'3012339198',	'871685900000059578',	'E',	'LEVERING',	'20161201',	'21',	'0.5440'),
('10028922',	'3012339198',	'871685900000059578',	'E',	'LEVERING',	'20161201',	'22',	'0.8380'),
('10028922',	'3012339198',	'871685900000059578',	'E',	'LEVERING',	'20161201',	'23',	'0.4970'),
('10028922',	'3012339198',	'871685900000059578',	'E',	'LEVERING',	'20161202',	'0',	'0.0');

INSERT INTO [dbo].[debit_deficit]
           ([partner]
           ,[contractrek]
           ,[openstaand_saldo]
           ,[last_update_time])
     VALUES
         (
      '10028921',
      '3012218480',
	  0,
      '2016-12-11 15:00:33'),
               (
      '20545433',
      '3012218481',
	  100,
      '2016-12-11 15:00:33'),
	           (
      '10028923',
      '3012218481',
      -15000,
	  '2017-01-01 15:00:33');